{
  "icc": {
    "CR": {
      "icc": 0.9853718915269494,
      "f": 283.48387096774195
    },
    "TP": {
      "icc": 0.90848982817149,
      "f": 48.47498156536405
    },
    "CD": {
      "icc": 0.5598097892924488,
      "f": 10.107035678559512
    }
  },
  "condition_accuracy": {
    "GPT-5.2": {
      "accuracy": 0.975,
      "correct": 39,
      "total": 40
    },
    "Opus 4.6": {
      "accuracy": 0.9,
      "correct": 36,
      "total": 40
    },
    "Sonnet 4.6": {
      "accuracy": 0.825,
      "correct": 33,
      "total": 40
    }
  }
}